{
  "F_range": [
    0.02,
    0.07
  ],
  "k_range": [
    0.05,
    0.07
  ],
  "grid_size": 64,
  "n_steps": 10000,
  "F_values": [
    0.02,
    0.022380952380952383,
    0.024761904761904763,
    0.027142857142857142,
    0.029523809523809525,
    0.03190476190476191,
    0.03428571428571429,
    0.03666666666666667,
    0.03904761904761905,
    0.041428571428571426,
    0.04380952380952381,
    0.0461904761904762,
    0.04857142857142857,
    0.05095238095238096,
    0.053333333333333344,
    0.055714285714285716,
    0.0580952380952381,
    0.060476190476190475,
    0.06285714285714286,
    0.06523809523809525,
    0.06761904761904762,
    0.07
  ],
  "k_values": [
    0.05,
    0.05095238095238096,
    0.051904761904761905,
    0.05285714285714286,
    0.053809523809523814,
    0.05476190476190477,
    0.055714285714285716,
    0.05666666666666667,
    0.057619047619047625,
    0.05857142857142858,
    0.05952380952380953,
    0.06047619047619048,
    0.06142857142857143,
    0.062380952380952384,
    0.06333333333333334,
    0.0642857142857143,
    0.06523809523809525,
    0.06619047619047619,
    0.06714285714285714,
    0.0680952380952381,
    0.06904761904761905,
    0.07
  ],
  "labels": [
    [
      "mazes",
      "mazes",
      "spots",
      "spots",
      "spots",
      "spots",
      "spots",
      "spots",
      "spots",
      "spots",
      "dead",
      "dead",
      "dead",
      "dead",
      "dead",
      "dead",
      "dead",
      "dead",
      "dead",
      "dead",
      "dead",
      "dead"
    ],
    [
      "mazes",
      "mazes",
      "stripes",
      "stripes",
      "mazes",
      "mazes",
      "spots",
      "spots",
      "spots",
      "spots",
      "spots",
      "dead",
      "dead",
      "dead",
      "dead",
      "dead",
      "dead",
      "dead",
      "dead",
      "dead",
      "dead",
      "dead"
    ],
    [
      "mazes",
      "mazes",
      "mazes",
      "mazes",
      "mazes",
      "stripes",
      "stripes",
      "spots",
      "spots",
      "spots",
      "spots",
      "spots",
      "spots",
      "spots",
      "dead",
      "dead",
      "dead",
      "dead",
      "dead",
      "dead",
      "dead",
      "dead"
    ],
    [
      "uniform",
      "dead",
      "dead",
      "mazes",
      "mazes",
      "mazes",
      "mazes",
      "mazes",
      "mazes",
      "spots",
      "dead",
      "spots",
      "spots",
      "spots",
      "spots",
      "dead",
      "dead",
      "dead",
      "dead",
      "dead",
      "dead",
      "dead"
    ],
    [
      "uniform",
      "uniform",
      "uniform",
      "dead",
      "mazes",
      "mazes",
      "mazes",
      "mazes",
      "mazes",
      "mazes",
      "spots",
      "spots",
      "spots",
      "spots",
      "spots",
      "spots",
      "dead",
      "dead",
      "dead",
      "dead",
      "dead",
      "dead"
    ],
    [
      "uniform",
      "uniform",
      "uniform",
      "uniform",
      "uniform",
      "dead",
      "mazes",
      "mazes",
      "mazes",
      "mazes",
      "mazes",
      "mazes",
      "spots",
      "spots",
      "spots",
      "spots",
      "dead",
      "dead",
      "dead",
      "dead",
      "dead",
      "dead"
    ],
    [
      "uniform",
      "uniform",
      "uniform",
      "uniform",
      "uniform",
      "uniform",
      "dead",
      "mazes",
      "mazes",
      "mazes",
      "mazes",
      "mazes",
      "mazes",
      "spots",
      "spots",
      "spots",
      "dead",
      "dead",
      "dead",
      "dead",
      "dead",
      "dead"
    ],
    [
      "uniform",
      "uniform",
      "uniform",
      "uniform",
      "uniform",
      "uniform",
      "uniform",
      "uniform",
      "mazes",
      "mazes",
      "mazes",
      "mazes",
      "mazes",
      "spots",
      "spots",
      "spots",
      "spots",
      "dead",
      "dead",
      "dead",
      "dead",
      "dead"
    ],
    [
      "uniform",
      "uniform",
      "uniform",
      "uniform",
      "uniform",
      "uniform",
      "uniform",
      "uniform",
      "uniform",
      "mazes",
      "mazes",
      "mazes",
      "mazes",
      "mazes",
      "mazes",
      "spots",
      "spots",
      "dead",
      "dead",
      "dead",
      "dead",
      "dead"
    ],
    [
      "uniform",
      "uniform",
      "uniform",
      "uniform",
      "uniform",
      "uniform",
      "uniform",
      "uniform",
      "uniform",
      "mazes",
      "mazes",
      "mazes",
      "mazes",
      "mazes",
      "mazes",
      "spots",
      "spots",
      "spots",
      "dead",
      "dead",
      "dead",
      "dead"
    ],
    [
      "uniform",
      "uniform",
      "uniform",
      "uniform",
      "uniform",
      "uniform",
      "uniform",
      "uniform",
      "uniform",
      "uniform",
      "mazes",
      "mazes",
      "mazes",
      "mazes",
      "mazes",
      "mazes",
      "spots",
      "spots",
      "dead",
      "dead",
      "dead",
      "dead"
    ],
    [
      "uniform",
      "uniform",
      "uniform",
      "uniform",
      "uniform",
      "uniform",
      "uniform",
      "uniform",
      "uniform",
      "uniform",
      "mazes",
      "mazes",
      "mazes",
      "mazes",
      "mazes",
      "stripes",
      "spots",
      "spots",
      "mazes",
      "dead",
      "dead",
      "dead"
    ],
    [
      "uniform",
      "uniform",
      "uniform",
      "uniform",
      "uniform",
      "uniform",
      "uniform",
      "uniform",
      "uniform",
      "uniform",
      "uniform",
      "mazes",
      "mazes",
      "mazes",
      "mazes",
      "mazes",
      "stripes",
      "spots",
      "mazes",
      "dead",
      "dead",
      "dead"
    ],
    [
      "uniform",
      "uniform",
      "uniform",
      "uniform",
      "uniform",
      "uniform",
      "uniform",
      "uniform",
      "uniform",
      "uniform",
      "uniform",
      "mazes",
      "mazes",
      "mazes",
      "mazes",
      "mazes",
      "stripes",
      "mazes",
      "mazes",
      "dead",
      "dead",
      "dead"
    ],
    [
      "uniform",
      "uniform",
      "uniform",
      "uniform",
      "uniform",
      "uniform",
      "uniform",
      "uniform",
      "uniform",
      "uniform",
      "uniform",
      "mazes",
      "mazes",
      "mazes",
      "mazes",
      "mazes",
      "stripes",
      "mazes",
      "dead",
      "dead",
      "dead",
      "dead"
    ],
    [
      "uniform",
      "uniform",
      "uniform",
      "uniform",
      "uniform",
      "uniform",
      "uniform",
      "uniform",
      "uniform",
      "uniform",
      "uniform",
      "mazes",
      "mazes",
      "mazes",
      "mazes",
      "stripes",
      "stripes",
      "mazes",
      "dead",
      "dead",
      "dead",
      "dead"
    ],
    [
      "uniform",
      "uniform",
      "uniform",
      "uniform",
      "uniform",
      "uniform",
      "uniform",
      "uniform",
      "uniform",
      "uniform",
      "uniform",
      "uniform",
      "mazes",
      "mazes",
      "mazes",
      "stripes",
      "stripes",
      "dead",
      "dead",
      "dead",
      "dead",
      "dead"
    ],
    [
      "uniform",
      "uniform",
      "uniform",
      "uniform",
      "uniform",
      "uniform",
      "uniform",
      "uniform",
      "uniform",
      "uniform",
      "uniform",
      "uniform",
      "mazes",
      "mazes",
      "mazes",
      "spots",
      "dead",
      "dead",
      "dead",
      "dead",
      "dead",
      "dead"
    ],
    [
      "uniform",
      "uniform",
      "uniform",
      "uniform",
      "uniform",
      "uniform",
      "uniform",
      "uniform",
      "uniform",
      "uniform",
      "uniform",
      "uniform",
      "mazes",
      "mazes",
      "mazes",
      "dead",
      "dead",
      "dead",
      "dead",
      "dead",
      "dead",
      "dead"
    ],
    [
      "uniform",
      "uniform",
      "uniform",
      "uniform",
